Name,Country,Industry,Year,Predicted_Wealth_Billions,Lower_Bound,Upper_Bound,Type,Pct_Of_World_Problems,Problems_Can_Solve,Problems_Cannot_Solve,Num_Problems_Solved,World_Problems_Total_Cost,GDP_Impact_Billions
Elon Musk,United States,Technology,2018,0.0,0.0,114.32,Historical,0.0,None yet,"Eradicate Malaria, End World Hunger, Universal Education, Clean Water For All, Universal Healthcare, Stop Climate Change",0,55540,0.0
Elon Musk,United States,Technology,2019,30.68,0.0,164.85,Historical,0.1,None yet,"Eradicate Malaria, End World Hunger, Universal Education, Clean Water For All, Universal Healthcare, Stop Climate Change",0,55540,4.6
Elon Musk,United States,Technology,2020,84.42,0.0,200.99,Historical,0.2,None yet,"Eradicate Malaria, End World Hunger, Universal Education, Clean Water For All, Universal Healthcare, Stop Climate Change",0,55540,12.66
Elon Musk,United States,Technology,2021,138.3,0.8,262.95,Historical,0.2,Eradicate Malaria,"End World Hunger, Universal Education, Clean Water For All, Universal Healthcare, Stop Climate Change",1,55540,20.75
Elon Musk,United States,Technology,2022,192.04,46.27,316.41,Historical,0.3,Eradicate Malaria,"End World Hunger, Universal Education, Clean Water For All, Universal Healthcare, Stop Climate Change",1,55540,28.81
Elon Musk,United States,Technology,2023,245.79,114.86,372.39,Historical,0.4,"Eradicate Malaria, End World Hunger","Universal Education, Clean Water For All, Universal Healthcare, Stop Climate Change",2,55540,36.87
Elon Musk,United States,Technology,2024,445.37,308.23,579.8,Historical,0.8,"Eradicate Malaria, End World Hunger, Universal Education","Clean Water For All, Universal Healthcare, Stop Climate Change",3,55540,66.81
Elon Musk,United States,Technology,2025,645.49,519.82,764.63,Historical,1.2,"Eradicate Malaria, End World Hunger, Universal Education","Clean Water For All, Universal Healthcare, Stop Climate Change",3,55540,96.82
Elon Musk,United States,Technology,2025,844.52,716.23,987.63,Historical,1.5,"Eradicate Malaria, End World Hunger, Universal Education","Clean Water For All, Universal Healthcare, Stop Climate Change",3,55540,126.68
Elon Musk,United States,Technology,2026,1044.1,913.63,1196.85,Future Forecast,1.9,"Eradicate Malaria, End World Hunger, Universal Education","Clean Water For All, Universal Healthcare, Stop Climate Change",3,55540,156.61
Elon Musk,United States,Technology,2027,1243.68,1068.22,1444.14,Future Forecast,2.2,"Eradicate Malaria, End World Hunger, Universal Education, Clean Water For All","Universal Healthcare, Stop Climate Change",4,55540,186.55
Elon Musk,United States,Technology,2028,1443.8,1212.29,1676.87,Future Forecast,2.6,"Eradicate Malaria, End World Hunger, Universal Education, Clean Water For All","Universal Healthcare, Stop Climate Change",4,55540,216.57
Larry Page,United States,Technology,2018,47.72,35.78,59.37,Historical,0.1,None yet,"Eradicate Malaria, End World Hunger, Universal Education, Clean Water For All, Universal Healthcare, Stop Climate Change",0,55540,7.16
Larry Page,United States,Technology,2019,55.0,42.97,67.12,Historical,0.1,None yet,"Eradicate Malaria, End World Hunger, Universal Education, Clean Water For All, Universal Healthcare, Stop Climate Change",0,55540,8.25
Larry Page,United States,Technology,2020,62.28,50.86,73.11,Historical,0.1,None yet,"Eradicate Malaria, End World Hunger, Universal Education, Clean Water For All, Universal Healthcare, Stop Climate Change",0,55540,9.34
Larry Page,United States,Technology,2021,70.0,59.13,81.55,Historical,0.1,None yet,"Eradicate Malaria, End World Hunger, Universal Education, Clean Water For All, Universal Healthcare, Stop Climate Change",0,55540,10.5
Larry Page,United States,Technology,2022,80.0,68.32,91.85,Historical,0.1,None yet,"Eradicate Malaria, End World Hunger, Universal Education, Clean Water For All, Universal Healthcare, Stop Climate Change",0,55540,12.0
Larry Page,United States,Technology,2023,102.97,91.46,114.67,Historical,0.2,Eradicate Malaria,"End World Hunger, Universal Education, Clean Water For All, Universal Healthcare, Stop Climate Change",1,55540,15.45
Larry Page,United States,Technology,2024,170.6,158.67,183.0,Historical,0.3,Eradicate Malaria,"End World Hunger, Universal Education, Clean Water For All, Universal Healthcare, Stop Climate Change",1,55540,25.59
Larry Page,United States,Technology,2025,238.42,226.72,250.16,Historical,0.4,"Eradicate Malaria, End World Hunger","Universal Education, Clean Water For All, Universal Healthcare, Stop Climate Change",2,55540,35.76
Larry Page,United States,Technology,2025,305.87,290.47,320.27,Historical,0.6,"Eradicate Malaria, End World Hunger","Universal Education, Clean Water For All, Universal Healthcare, Stop Climate Change",2,55540,45.88
Larry Page,United States,Technology,2026,373.5,346.89,402.67,Future Forecast,0.7,"Eradicate Malaria, End World Hunger","Universal Education, Clean Water For All, Universal Healthcare, Stop Climate Change",2,55540,56.02
Larry Page,United States,Technology,2027,441.13,392.3,491.39,Future Forecast,0.8,"Eradicate Malaria, End World Hunger, Universal Education","Clean Water For All, Universal Healthcare, Stop Climate Change",3,55540,66.17
Larry Page,United States,Technology,2028,508.95,429.13,588.71,Future Forecast,0.9,"Eradicate Malaria, End World Hunger, Universal Education","Clean Water For All, Universal Healthcare, Stop Climate Change",3,55540,76.34
Sergey Brin,United States,Technology,2018,43.31,33.33,52.37,Historical,0.1,None yet,"Eradicate Malaria, End World Hunger, Universal Education, Clean Water For All, Universal Healthcare, Stop Climate Change",0,55540,6.5
Sergey Brin,United States,Technology,2019,50.0,40.87,59.16,Historical,0.1,None yet,"Eradicate Malaria, End World Hunger, Universal Education, Clean Water For All, Universal Healthcare, Stop Climate Change",0,55540,7.5
Sergey Brin,United States,Technology,2020,56.68,46.47,66.63,Historical,0.1,None yet,"Eradicate Malaria, End World Hunger, Universal Education, Clean Water For All, Universal Healthcare, Stop Climate Change",0,55540,8.5
Sergey Brin,United States,Technology,2021,65.02,55.59,74.67,Historical,0.1,None yet,"Eradicate Malaria, End World Hunger, Universal Education, Clean Water For All, Universal Healthcare, Stop Climate Change",0,55540,9.75
Sergey Brin,United States,Technology,2022,74.99,65.49,83.65,Historical,0.1,None yet,"Eradicate Malaria, End World Hunger, Universal Education, Clean Water For All, Universal Healthcare, Stop Climate Change",0,55540,11.25
Sergey Brin,United States,Technology,2023,93.19,83.81,102.25,Historical,0.2,None yet,"Eradicate Malaria, End World Hunger, Universal Education, Clean Water For All, Universal Healthcare, Stop Climate Change",0,55540,13.98
Sergey Brin,United States,Technology,2024,156.94,148.08,166.63,Historical,0.3,Eradicate Malaria,"End World Hunger, Universal Education, Clean Water For All, Universal Healthcare, Stop Climate Change",1,55540,23.54
Sergey Brin,United States,Technology,2025,220.86,211.25,229.39,Historical,0.4,"Eradicate Malaria, End World Hunger","Universal Education, Clean Water For All, Universal Healthcare, Stop Climate Change",2,55540,33.13
Sergey Brin,United States,Technology,2025,284.43,272.1,296.76,Historical,0.5,"Eradicate Malaria, End World Hunger","Universal Education, Clean Water For All, Universal Healthcare, Stop Climate Change",2,55540,42.66
Sergey Brin,United States,Technology,2026,348.18,324.37,371.98,Future Forecast,0.6,"Eradicate Malaria, End World Hunger","Universal Education, Clean Water For All, Universal Healthcare, Stop Climate Change",2,55540,52.23
Sergey Brin,United States,Technology,2027,411.93,367.49,456.07,Future Forecast,0.7,"Eradicate Malaria, End World Hunger, Universal Education","Clean Water For All, Universal Healthcare, Stop Climate Change",3,55540,61.79
Sergey Brin,United States,Technology,2028,475.85,406.25,550.6,Future Forecast,0.9,"Eradicate Malaria, End World Hunger, Universal Education","Clean Water For All, Universal Healthcare, Stop Climate Change",3,55540,71.38
Jeff Bezos,United States,Technology,2018,109.12,102.74,115.48,Historical,0.2,Eradicate Malaria,"End World Hunger, Universal Education, Clean Water For All, Universal Healthcare, Stop Climate Change",1,55540,16.37
Jeff Bezos,United States,Technology,2019,115.27,108.84,121.78,Historical,0.2,Eradicate Malaria,"End World Hunger, Universal Education, Clean Water For All, Universal Healthcare, Stop Climate Change",1,55540,17.29
Jeff Bezos,United States,Technology,2020,121.42,115.08,127.61,Historical,0.2,Eradicate Malaria,"End World Hunger, Universal Education, Clean Water For All, Universal Healthcare, Stop Climate Change",1,55540,18.21
Jeff Bezos,United States,Technology,2021,129.76,123.59,136.2,Historical,0.2,Eradicate Malaria,"End World Hunger, Universal Education, Clean Water For All, Universal Healthcare, Stop Climate Change",1,55540,19.46
Jeff Bezos,United States,Technology,2022,138.08,132.08,143.73,Historical,0.2,Eradicate Malaria,"End World Hunger, Universal Education, Clean Water For All, Universal Healthcare, Stop Climate Change",1,55540,20.71
Jeff Bezos,United States,Technology,2023,146.39,140.0,152.25,Historical,0.3,Eradicate Malaria,"End World Hunger, Universal Education, Clean Water For All, Universal Healthcare, Stop Climate Change",1,55540,21.96
Jeff Bezos,United States,Technology,2024,181.42,175.17,187.61,Historical,0.3,Eradicate Malaria,"End World Hunger, Universal Education, Clean Water For All, Universal Healthcare, Stop Climate Change",1,55540,27.21
Jeff Bezos,United States,Technology,2025,216.55,209.74,223.36,Historical,0.4,"Eradicate Malaria, End World Hunger","Universal Education, Clean Water For All, Universal Healthcare, Stop Climate Change",2,55540,32.48
Jeff Bezos,United States,Technology,2025,251.48,244.44,258.94,Historical,0.5,"Eradicate Malaria, End World Hunger","Universal Education, Clean Water For All, Universal Healthcare, Stop Climate Change",2,55540,37.72
Jeff Bezos,United States,Technology,2026,286.51,272.19,299.9,Future Forecast,0.5,"Eradicate Malaria, End World Hunger","Universal Education, Clean Water For All, Universal Healthcare, Stop Climate Change",2,55540,42.98
Jeff Bezos,United States,Technology,2027,321.53,297.31,347.1,Future Forecast,0.6,"Eradicate Malaria, End World Hunger","Universal Education, Clean Water For All, Universal Healthcare, Stop Climate Change",2,55540,48.23
Jeff Bezos,United States,Technology,2028,356.66,317.94,395.39,Future Forecast,0.6,"Eradicate Malaria, End World Hunger","Universal Education, Clean Water For All, Universal Healthcare, Stop Climate Change",2,55540,53.5
Mark Zuckerberg,United States,Technology,2018,53.7,44.37,62.8,Historical,0.1,None yet,"Eradicate Malaria, End World Hunger, Universal Education, Clean Water For All, Universal Healthcare, Stop Climate Change",0,55540,8.05
Mark Zuckerberg,United States,Technology,2019,59.76,50.88,68.54,Historical,0.1,None yet,"Eradicate Malaria, End World Hunger, Universal Education, Clean Water For All, Universal Healthcare, Stop Climate Change",0,55540,8.96
Mark Zuckerberg,United States,Technology,2020,65.82,57.01,75.23,Historical,0.1,None yet,"Eradicate Malaria, End World Hunger, Universal Education, Clean Water For All, Universal Healthcare, Stop Climate Change",0,55540,9.87
Mark Zuckerberg,United States,Technology,2021,71.94,62.51,81.16,Historical,0.1,None yet,"Eradicate Malaria, End World Hunger, Universal Education, Clean Water For All, Universal Healthcare, Stop Climate Change",0,55540,10.79
Mark Zuckerberg,United States,Technology,2022,78.04,69.2,86.97,Historical,0.1,None yet,"Eradicate Malaria, End World Hunger, Universal Education, Clean Water For All, Universal Healthcare, Stop Climate Change",0,55540,11.71
Mark Zuckerberg,United States,Technology,2023,84.16,74.12,93.66,Historical,0.2,None yet,"Eradicate Malaria, End World Hunger, Universal Education, Clean Water For All, Universal Healthcare, Stop Climate Change",0,55540,12.62
Mark Zuckerberg,United States,Technology,2024,146.52,136.76,155.37,Historical,0.3,Eradicate Malaria,"End World Hunger, Universal Education, Clean Water For All, Universal Healthcare, Stop Climate Change",1,55540,21.98
Mark Zuckerberg,United States,Technology,2025,209.06,199.98,218.43,Historical,0.4,"Eradicate Malaria, End World Hunger","Universal Education, Clean Water For All, Universal Healthcare, Stop Climate Change",2,55540,31.36
Mark Zuckerberg,United States,Technology,2025,271.25,258.57,284.08,Historical,0.5,"Eradicate Malaria, End World Hunger","Universal Education, Clean Water For All, Universal Healthcare, Stop Climate Change",2,55540,40.69
Mark Zuckerberg,United States,Technology,2026,333.62,304.68,358.65,Future Forecast,0.6,"Eradicate Malaria, End World Hunger","Universal Education, Clean Water For All, Universal Healthcare, Stop Climate Change",2,55540,50.04
Mark Zuckerberg,United States,Technology,2027,395.98,347.3,444.86,Future Forecast,0.7,"Eradicate Malaria, End World Hunger, Universal Education","Clean Water For All, Universal Healthcare, Stop Climate Change",3,55540,59.4
Mark Zuckerberg,United States,Technology,2028,458.52,381.51,539.44,Future Forecast,0.8,"Eradicate Malaria, End World Hunger, Universal Education","Clean Water For All, Universal Healthcare, Stop Climate Change",3,55540,68.78
Larry Ellison,United States,Technology,2018,53.44,41.95,64.54,Historical,0.1,None yet,"Eradicate Malaria, End World Hunger, Universal Education, Clean Water For All, Universal Healthcare, Stop Climate Change",0,55540,8.02
Larry Ellison,United States,Technology,2019,57.41,45.39,68.88,Historical,0.1,None yet,"Eradicate Malaria, End World Hunger, Universal Education, Clean Water For All, Universal Healthcare, Stop Climate Change",0,55540,8.61
Larry Ellison,United States,Technology,2020,61.39,49.41,73.55,Historical,0.1,None yet,"Eradicate Malaria, End World Hunger, Universal Education, Clean Water For All, Universal Healthcare, Stop Climate Change",0,55540,9.21
Larry Ellison,United States,Technology,2021,65.37,53.77,77.3,Historical,0.1,None yet,"Eradicate Malaria, End World Hunger, Universal Education, Clean Water For All, Universal Healthcare, Stop Climate Change",0,55540,9.81
Larry Ellison,United States,Technology,2022,69.36,57.56,80.8,Historical,0.1,None yet,"Eradicate Malaria, End World Hunger, Universal Education, Clean Water For All, Universal Healthcare, Stop Climate Change",0,55540,10.4
Larry Ellison,United States,Technology,2023,73.35,61.29,84.59,Historical,0.1,None yet,"Eradicate Malaria, End World Hunger, Universal Education, Clean Water For All, Universal Healthcare, Stop Climate Change",0,55540,11.0
Larry Ellison,United States,Technology,2024,131.29,119.01,142.6,Historical,0.2,Eradicate Malaria,"End World Hunger, Universal Education, Clean Water For All, Universal Healthcare, Stop Climate Change",1,55540,19.69
Larry Ellison,United States,Technology,2025,189.38,178.11,201.09,Historical,0.3,Eradicate Malaria,"End World Hunger, Universal Education, Clean Water For All, Universal Healthcare, Stop Climate Change",1,55540,28.41
Larry Ellison,United States,Technology,2025,247.16,233.1,260.65,Historical,0.4,"Eradicate Malaria, End World Hunger","Universal Education, Clean Water For All, Universal Healthcare, Stop Climate Change",2,55540,37.07
Larry Ellison,United States,Technology,2026,305.1,281.29,329.05,Future Forecast,0.5,"Eradicate Malaria, End World Hunger","Universal Education, Clean Water For All, Universal Healthcare, Stop Climate Change",2,55540,45.77
Larry Ellison,United States,Technology,2027,363.04,318.36,408.67,Future Forecast,0.7,"Eradicate Malaria, End World Hunger","Universal Education, Clean Water For All, Universal Healthcare, Stop Climate Change",2,55540,54.46
Larry Ellison,United States,Technology,2028,421.14,350.61,493.31,Future Forecast,0.8,"Eradicate Malaria, End World Hunger, Universal Education","Clean Water For All, Universal Healthcare, Stop Climate Change",3,55540,63.17
Jensen Huang,United States,Technology,2018,1.58,0.0,8.95,Historical,0.0,None yet,"Eradicate Malaria, End World Hunger, Universal Education, Clean Water For All, Universal Healthcare, Stop Climate Change",0,55540,0.24
Jensen Huang,United States,Technology,2019,4.0,0.0,11.08,Historical,0.0,None yet,"Eradicate Malaria, End World Hunger, Universal Education, Clean Water For All, Universal Healthcare, Stop Climate Change",0,55540,0.6
Jensen Huang,United States,Technology,2020,6.43,0.0,14.22,Historical,0.0,None yet,"Eradicate Malaria, End World Hunger, Universal Education, Clean Water For All, Universal Healthcare, Stop Climate Change",0,55540,0.96
Jensen Huang,United States,Technology,2021,10.0,2.78,17.67,Historical,0.0,None yet,"Eradicate Malaria, End World Hunger, Universal Education, Clean Water For All, Universal Healthcare, Stop Climate Change",0,55540,1.5
Jensen Huang,United States,Technology,2022,20.0,12.92,26.92,Historical,0.0,None yet,"Eradicate Malaria, End World Hunger, Universal Education, Clean Water For All, Universal Healthcare, Stop Climate Change",0,55540,3.0
Jensen Huang,United States,Technology,2023,34.94,27.39,42.62,Historical,0.1,None yet,"Eradicate Malaria, End World Hunger, Universal Education, Clean Water For All, Universal Healthcare, Stop Climate Change",0,55540,5.24
Jensen Huang,United States,Technology,2024,92.95,85.46,100.18,Historical,0.2,None yet,"Eradicate Malaria, End World Hunger, Universal Education, Clean Water For All, Universal Healthcare, Stop Climate Change",0,55540,13.94
Jensen Huang,United States,Technology,2025,151.11,143.95,158.74,Historical,0.3,Eradicate Malaria,"End World Hunger, Universal Education, Clean Water For All, Universal Healthcare, Stop Climate Change",1,55540,22.67
Jensen Huang,United States,Technology,2025,208.95,197.83,219.34,Historical,0.4,"Eradicate Malaria, End World Hunger","Universal Education, Clean Water For All, Universal Healthcare, Stop Climate Change",2,55540,31.34
Jensen Huang,United States,Technology,2026,266.96,240.72,290.85,Future Forecast,0.5,"Eradicate Malaria, End World Hunger","Universal Education, Clean Water For All, Universal Healthcare, Stop Climate Change",2,55540,40.04
Jensen Huang,United States,Technology,2027,324.96,275.82,370.87,Future Forecast,0.6,"Eradicate Malaria, End World Hunger","Universal Education, Clean Water For All, Universal Healthcare, Stop Climate Change",2,55540,48.74
Jensen Huang,United States,Technology,2028,383.12,308.87,457.71,Future Forecast,0.7,"Eradicate Malaria, End World Hunger","Universal Education, Clean Water For All, Universal Healthcare, Stop Climate Change",2,55540,57.47
Bernard Arnault & family,France,Luxury Goods,2018,69.93,68.62,71.24,Historical,0.1,None yet,"Eradicate Malaria, End World Hunger, Universal Education, Clean Water For All, Universal Healthcare, Stop Climate Change",0,55540,10.49
Bernard Arnault & family,France,Luxury Goods,2019,80.06,78.75,81.34,Historical,0.1,None yet,"Eradicate Malaria, End World Hunger, Universal Education, Clean Water For All, Universal Healthcare, Stop Climate Change",0,55540,12.01
Bernard Arnault & family,France,Luxury Goods,2020,90.19,88.98,91.52,Historical,0.2,None yet,"Eradicate Malaria, End World Hunger, Universal Education, Clean Water For All, Universal Healthcare, Stop Climate Change",0,55540,13.53
Bernard Arnault & family,France,Luxury Goods,2021,149.67,148.26,150.96,Historical,0.3,Eradicate Malaria,"End World Hunger, Universal Education, Clean Water For All, Universal Healthcare, Stop Climate Change",1,55540,22.45
Bernard Arnault & family,France,Luxury Goods,2022,160.32,159.07,161.71,Historical,0.3,Eradicate Malaria,"End World Hunger, Universal Education, Clean Water For All, Universal Healthcare, Stop Climate Change",1,55540,24.05
Bernard Arnault & family,France,Luxury Goods,2023,170.99,169.67,172.36,Historical,0.3,Eradicate Malaria,"End World Hunger, Universal Education, Clean Water For All, Universal Healthcare, Stop Climate Change",1,55540,25.65
Bernard Arnault & family,France,Luxury Goods,2024,162.62,161.35,163.97,Historical,0.3,Eradicate Malaria,"End World Hunger, Universal Education, Clean Water For All, Universal Healthcare, Stop Climate Change",1,55540,24.39
Bernard Arnault & family,France,Luxury Goods,2025,154.23,152.93,155.47,Historical,0.3,Eradicate Malaria,"End World Hunger, Universal Education, Clean Water For All, Universal Healthcare, Stop Climate Change",1,55540,23.13
Bernard Arnault & family,France,Luxury Goods,2025,145.89,130.17,160.76,Historical,0.3,Eradicate Malaria,"End World Hunger, Universal Education, Clean Water For All, Universal Healthcare, Stop Climate Change",1,55540,21.88
Bernard Arnault & family,France,Luxury Goods,2026,137.52,84.44,185.12,Future Forecast,0.2,Eradicate Malaria,"End World Hunger, Universal Education, Clean Water For All, Universal Healthcare, Stop Climate Change",1,55540,20.63
Bernard Arnault & family,France,Luxury Goods,2027,129.16,29.55,225.03,Future Forecast,0.2,Eradicate Malaria,"End World Hunger, Universal Education, Clean Water For All, Universal Healthcare, Stop Climate Change",1,55540,19.37
Bernard Arnault & family,France,Luxury Goods,2028,120.77,0.0,274.11,Future Forecast,0.2,Eradicate Malaria,"End World Hunger, Universal Education, Clean Water For All, Universal Healthcare, Stop Climate Change",1,55540,18.12
Warren Buffett,United States,Finance,2018,79.9,76.77,82.81,Historical,0.1,None yet,"Eradicate Malaria, End World Hunger, Universal Education, Clean Water For All, Universal Healthcare, Stop Climate Change",0,55540,11.99
Warren Buffett,United States,Finance,2019,84.68,81.55,87.68,Historical,0.2,None yet,"Eradicate Malaria, End World Hunger, Universal Education, Clean Water For All, Universal Healthcare, Stop Climate Change",0,55540,12.7
Warren Buffett,United States,Finance,2020,89.46,86.37,92.52,Historical,0.2,None yet,"Eradicate Malaria, End World Hunger, Universal Education, Clean Water For All, Universal Healthcare, Stop Climate Change",0,55540,13.42
Warren Buffett,United States,Finance,2021,98.96,95.79,101.84,Historical,0.2,None yet,"Eradicate Malaria, End World Hunger, Universal Education, Clean Water For All, Universal Healthcare, Stop Climate Change",0,55540,14.84
Warren Buffett,United States,Finance,2022,103.95,100.82,106.92,Historical,0.2,Eradicate Malaria,"End World Hunger, Universal Education, Clean Water For All, Universal Healthcare, Stop Climate Change",1,55540,15.59
Warren Buffett,United States,Finance,2023,108.64,105.8,111.52,Historical,0.2,Eradicate Malaria,"End World Hunger, Universal Education, Clean Water For All, Universal Healthcare, Stop Climate Change",1,55540,16.3
Warren Buffett,United States,Finance,2024,125.33,122.53,128.25,Historical,0.2,Eradicate Malaria,"End World Hunger, Universal Education, Clean Water For All, Universal Healthcare, Stop Climate Change",1,55540,18.8
Warren Buffett,United States,Finance,2025,142.08,139.13,144.93,Historical,0.3,Eradicate Malaria,"End World Hunger, Universal Education, Clean Water For All, Universal Healthcare, Stop Climate Change",1,55540,21.31
Warren Buffett,United States,Finance,2025,158.73,154.58,162.42,Historical,0.3,Eradicate Malaria,"End World Hunger, Universal Education, Clean Water For All, Universal Healthcare, Stop Climate Change",1,55540,23.81
Warren Buffett,United States,Finance,2026,175.42,166.54,183.4,Future Forecast,0.3,Eradicate Malaria,"End World Hunger, Universal Education, Clean Water For All, Universal Healthcare, Stop Climate Change",1,55540,26.31
Warren Buffett,United States,Finance,2027,192.12,174.16,207.44,Future Forecast,0.3,Eradicate Malaria,"End World Hunger, Universal Education, Clean Water For All, Universal Healthcare, Stop Climate Change",1,55540,28.82
Warren Buffett,United States,Finance,2028,208.86,182.12,232.81,Future Forecast,0.4,"Eradicate Malaria, End World Hunger","Universal Education, Clean Water For All, Universal Healthcare, Stop Climate Change",2,55540,31.33
Michael Dell,United States,Technology,2018,29.41,24.83,33.52,Historical,0.1,None yet,"Eradicate Malaria, End World Hunger, Universal Education, Clean Water For All, Universal Healthcare, Stop Climate Change",0,55540,4.41
Michael Dell,United States,Technology,2019,35.0,30.7,39.83,Historical,0.1,None yet,"Eradicate Malaria, End World Hunger, Universal Education, Clean Water For All, Universal Healthcare, Stop Climate Change",0,55540,5.25
Michael Dell,United States,Technology,2020,40.58,36.2,44.9,Historical,0.1,None yet,"Eradicate Malaria, End World Hunger, Universal Education, Clean Water For All, Universal Healthcare, Stop Climate Change",0,55540,6.09
Michael Dell,United States,Technology,2021,50.0,45.56,54.8,Historical,0.1,None yet,"Eradicate Malaria, End World Hunger, Universal Education, Clean Water For All, Universal Healthcare, Stop Climate Change",0,55540,7.5
Michael Dell,United States,Technology,2022,60.0,55.65,64.6,Historical,0.1,None yet,"Eradicate Malaria, End World Hunger, Universal Education, Clean Water For All, Universal Healthcare, Stop Climate Change",0,55540,9.0
Michael Dell,United States,Technology,2023,76.6,72.02,80.94,Historical,0.1,None yet,"Eradicate Malaria, End World Hunger, Universal Education, Clean Water For All, Universal Healthcare, Stop Climate Change",0,55540,11.49
Michael Dell,United States,Technology,2024,107.97,103.5,112.08,Historical,0.2,Eradicate Malaria,"End World Hunger, Universal Education, Clean Water For All, Universal Healthcare, Stop Climate Change",1,55540,16.2
Michael Dell,United States,Technology,2025,139.43,135.18,143.64,Historical,0.3,Eradicate Malaria,"End World Hunger, Universal Education, Clean Water For All, Universal Healthcare, Stop Climate Change",1,55540,20.91
Michael Dell,United States,Technology,2025,170.72,164.79,176.49,Historical,0.3,Eradicate Malaria,"End World Hunger, Universal Education, Clean Water For All, Universal Healthcare, Stop Climate Change",1,55540,25.61
Michael Dell,United States,Technology,2026,202.1,189.62,214.01,Future Forecast,0.4,"Eradicate Malaria, End World Hunger","Universal Education, Clean Water For All, Universal Healthcare, Stop Climate Change",2,55540,30.31
Michael Dell,United States,Technology,2027,233.47,209.34,255.35,Future Forecast,0.4,"Eradicate Malaria, End World Hunger","Universal Education, Clean Water For All, Universal Healthcare, Stop Climate Change",2,55540,35.02
Michael Dell,United States,Technology,2028,264.94,226.94,299.95,Future Forecast,0.5,"Eradicate Malaria, End World Hunger","Universal Education, Clean Water For All, Universal Healthcare, Stop Climate Change",2,55540,39.74
Rob Walton & family,United States,Retail,2018,44.0,38.54,49.39,Historical,0.1,None yet,"Eradicate Malaria, End World Hunger, Universal Education, Clean Water For All, Universal Healthcare, Stop Climate Change",0,55540,6.6
Rob Walton & family,United States,Retail,2019,50.19,44.72,55.93,Historical,0.1,None yet,"Eradicate Malaria, End World Hunger, Universal Education, Clean Water For All, Universal Healthcare, Stop Climate Change",0,55540,7.53
Rob Walton & family,United States,Retail,2020,56.38,51.37,61.95,Historical,0.1,None yet,"Eradicate Malaria, End World Hunger, Universal Education, Clean Water For All, Universal Healthcare, Stop Climate Change",0,55540,8.46
Rob Walton & family,United States,Retail,2021,64.92,59.33,70.43,Historical,0.1,None yet,"Eradicate Malaria, End World Hunger, Universal Education, Clean Water For All, Universal Healthcare, Stop Climate Change",0,55540,9.74
Rob Walton & family,United States,Retail,2022,73.44,68.05,79.17,Historical,0.1,None yet,"Eradicate Malaria, End World Hunger, Universal Education, Clean Water For All, Universal Healthcare, Stop Climate Change",0,55540,11.02
Rob Walton & family,United States,Retail,2023,81.97,76.68,87.33,Historical,0.1,None yet,"Eradicate Malaria, End World Hunger, Universal Education, Clean Water For All, Universal Healthcare, Stop Climate Change",0,55540,12.3
Rob Walton & family,United States,Retail,2024,109.99,104.46,115.33,Historical,0.2,Eradicate Malaria,"End World Hunger, Universal Education, Clean Water For All, Universal Healthcare, Stop Climate Change",1,55540,16.5
Rob Walton & family,United States,Retail,2025,138.1,132.44,143.55,Historical,0.2,Eradicate Malaria,"End World Hunger, Universal Education, Clean Water For All, Universal Healthcare, Stop Climate Change",1,55540,20.71
Rob Walton & family,United States,Retail,2025,166.05,159.76,172.53,Historical,0.3,Eradicate Malaria,"End World Hunger, Universal Education, Clean Water For All, Universal Healthcare, Stop Climate Change",1,55540,24.91
Rob Walton & family,United States,Retail,2026,194.07,182.98,205.72,Future Forecast,0.3,Eradicate Malaria,"End World Hunger, Universal Education, Clean Water For All, Universal Healthcare, Stop Climate Change",1,55540,29.11
Rob Walton & family,United States,Retail,2027,222.1,202.71,242.86,Future Forecast,0.4,"Eradicate Malaria, End World Hunger","Universal Education, Clean Water For All, Universal Healthcare, Stop Climate Change",2,55540,33.31
Rob Walton & family,United States,Retail,2028,250.2,220.59,281.91,Future Forecast,0.5,"Eradicate Malaria, End World Hunger","Universal Education, Clean Water For All, Universal Healthcare, Stop Climate Change",2,55540,37.53
Jim Walton & family,United States,Retail,2018,42.05,36.97,47.52,Historical,0.1,None yet,"Eradicate Malaria, End World Hunger, Universal Education, Clean Water For All, Universal Healthcare, Stop Climate Change",0,55540,6.31
Jim Walton & family,United States,Retail,2019,48.19,42.61,53.27,Historical,0.1,None yet,"Eradicate Malaria, End World Hunger, Universal Education, Clean Water For All, Universal Healthcare, Stop Climate Change",0,55540,7.23
Jim Walton & family,United States,Retail,2020,54.32,49.02,59.9,Historical,0.1,None yet,"Eradicate Malaria, End World Hunger, Universal Education, Clean Water For All, Universal Healthcare, Stop Climate Change",0,55540,8.15
Jim Walton & family,United States,Retail,2021,62.92,57.45,68.37,Historical,0.1,None yet,"Eradicate Malaria, End World Hunger, Universal Education, Clean Water For All, Universal Healthcare, Stop Climate Change",0,55540,9.44
Jim Walton & family,United States,Retail,2022,71.49,66.36,76.94,Historical,0.1,None yet,"Eradicate Malaria, End World Hunger, Universal Education, Clean Water For All, Universal Healthcare, Stop Climate Change",0,55540,10.72
Jim Walton & family,United States,Retail,2023,80.06,74.62,85.57,Historical,0.1,None yet,"Eradicate Malaria, End World Hunger, Universal Education, Clean Water For All, Universal Healthcare, Stop Climate Change",0,55540,12.01
Jim Walton & family,United States,Retail,2024,107.65,102.42,112.9,Historical,0.2,Eradicate Malaria,"End World Hunger, Universal Education, Clean Water For All, Universal Healthcare, Stop Climate Change",1,55540,16.15
Jim Walton & family,United States,Retail,2025,135.32,129.72,140.49,Historical,0.2,Eradicate Malaria,"End World Hunger, Universal Education, Clean Water For All, Universal Healthcare, Stop Climate Change",1,55540,20.3
Jim Walton & family,United States,Retail,2025,162.83,156.62,168.96,Historical,0.3,Eradicate Malaria,"End World Hunger, Universal Education, Clean Water For All, Universal Healthcare, Stop Climate Change",1,55540,24.42
Jim Walton & family,United States,Retail,2026,190.42,180.33,201.93,Future Forecast,0.3,Eradicate Malaria,"End World Hunger, Universal Education, Clean Water For All, Universal Healthcare, Stop Climate Change",1,55540,28.56
Jim Walton & family,United States,Retail,2027,218.01,199.29,236.59,Future Forecast,0.4,"Eradicate Malaria, End World Hunger","Universal Education, Clean Water For All, Universal Healthcare, Stop Climate Change",2,55540,32.7
Jim Walton & family,United States,Retail,2028,245.68,216.66,275.72,Future Forecast,0.4,"Eradicate Malaria, End World Hunger","Universal Education, Clean Water For All, Universal Healthcare, Stop Climate Change",2,55540,36.85
Amancio Ortega,Spain,Retail,2018,59.69,54.52,64.9,Historical,0.1,None yet,"Eradicate Malaria, End World Hunger, Universal Education, Clean Water For All, Universal Healthcare, Stop Climate Change",0,55540,8.95
Amancio Ortega,Spain,Retail,2019,65.59,60.17,70.9,Historical,0.1,None yet,"Eradicate Malaria, End World Hunger, Universal Education, Clean Water For All, Universal Healthcare, Stop Climate Change",0,55540,9.84
Amancio Ortega,Spain,Retail,2020,71.49,66.39,76.94,Historical,0.1,None yet,"Eradicate Malaria, End World Hunger, Universal Education, Clean Water For All, Universal Healthcare, Stop Climate Change",0,55540,10.72
Amancio Ortega,Spain,Retail,2021,77.4,72.26,82.68,Historical,0.1,None yet,"Eradicate Malaria, End World Hunger, Universal Education, Clean Water For All, Universal Healthcare, Stop Climate Change",0,55540,11.61
Amancio Ortega,Spain,Retail,2022,83.11,78.1,88.57,Historical,0.1,None yet,"Eradicate Malaria, End World Hunger, Universal Education, Clean Water For All, Universal Healthcare, Stop Climate Change",0,55540,12.47
Amancio Ortega,Spain,Retail,2023,88.81,83.29,94.46,Historical,0.2,None yet,"Eradicate Malaria, End World Hunger, Universal Education, Clean Water For All, Universal Healthcare, Stop Climate Change",0,55540,13.32
Amancio Ortega,Spain,Retail,2024,109.56,104.05,114.94,Historical,0.2,Eradicate Malaria,"End World Hunger, Universal Education, Clean Water For All, Universal Healthcare, Stop Climate Change",1,55540,16.43
Amancio Ortega,Spain,Retail,2025,130.36,125.18,134.96,Historical,0.2,Eradicate Malaria,"End World Hunger, Universal Education, Clean Water For All, Universal Healthcare, Stop Climate Change",1,55540,19.55
Amancio Ortega,Spain,Retail,2025,151.06,145.54,156.77,Historical,0.3,Eradicate Malaria,"End World Hunger, Universal Education, Clean Water For All, Universal Healthcare, Stop Climate Change",1,55540,22.66
Amancio Ortega,Spain,Retail,2026,171.81,163.43,180.69,Future Forecast,0.3,Eradicate Malaria,"End World Hunger, Universal Education, Clean Water For All, Universal Healthcare, Stop Climate Change",1,55540,25.77
Amancio Ortega,Spain,Retail,2027,192.56,179.58,206.27,Future Forecast,0.3,Eradicate Malaria,"End World Hunger, Universal Education, Clean Water For All, Universal Healthcare, Stop Climate Change",1,55540,28.88
Amancio Ortega,Spain,Retail,2028,213.36,193.72,233.55,Future Forecast,0.4,"Eradicate Malaria, End World Hunger","Universal Education, Clean Water For All, Universal Healthcare, Stop Climate Change",2,55540,32.0
Alice Walton,United States,Retail,2018,39.36,35.16,43.4,Historical,0.1,None yet,"Eradicate Malaria, End World Hunger, Universal Education, Clean Water For All, Universal Healthcare, Stop Climate Change",0,55540,5.9
Alice Walton,United States,Retail,2019,45.17,41.0,49.42,Historical,0.1,None yet,"Eradicate Malaria, End World Hunger, Universal Education, Clean Water For All, Universal Healthcare, Stop Climate Change",0,55540,6.78
Alice Walton,United States,Retail,2020,50.98,46.86,55.1,Historical,0.1,None yet,"Eradicate Malaria, End World Hunger, Universal Education, Clean Water For All, Universal Healthcare, Stop Climate Change",0,55540,7.65
Alice Walton,United States,Retail,2021,59.88,55.79,64.13,Historical,0.1,None yet,"Eradicate Malaria, End World Hunger, Universal Education, Clean Water For All, Universal Healthcare, Stop Climate Change",0,55540,8.98
Alice Walton,United States,Retail,2022,68.75,64.93,72.82,Historical,0.1,None yet,"Eradicate Malaria, End World Hunger, Universal Education, Clean Water For All, Universal Healthcare, Stop Climate Change",0,55540,10.31
Alice Walton,United States,Retail,2023,77.63,73.21,81.53,Historical,0.1,None yet,"Eradicate Malaria, End World Hunger, Universal Education, Clean Water For All, Universal Healthcare, Stop Climate Change",0,55540,11.64
Alice Walton,United States,Retail,2024,102.6,98.31,106.85,Historical,0.2,Eradicate Malaria,"End World Hunger, Universal Education, Clean Water For All, Universal Healthcare, Stop Climate Change",1,55540,15.39
Alice Walton,United States,Retail,2025,127.64,123.57,132.07,Historical,0.2,Eradicate Malaria,"End World Hunger, Universal Education, Clean Water For All, Universal Healthcare, Stop Climate Change",1,55540,19.15
Alice Walton,United States,Retail,2025,152.54,147.47,157.6,Historical,0.3,Eradicate Malaria,"End World Hunger, Universal Education, Clean Water For All, Universal Healthcare, Stop Climate Change",1,55540,22.88
Alice Walton,United States,Retail,2026,177.51,168.86,186.42,Future Forecast,0.3,Eradicate Malaria,"End World Hunger, Universal Education, Clean Water For All, Universal Healthcare, Stop Climate Change",1,55540,26.63
Alice Walton,United States,Retail,2027,202.48,186.81,218.07,Future Forecast,0.4,"Eradicate Malaria, End World Hunger","Universal Education, Clean Water For All, Universal Healthcare, Stop Climate Change",2,55540,30.37
Alice Walton,United States,Retail,2028,227.52,202.13,253.35,Future Forecast,0.4,"Eradicate Malaria, End World Hunger","Universal Education, Clean Water For All, Universal Healthcare, Stop Climate Change",2,55540,34.13
Steve Ballmer,United States,Technology,2018,34.91,33.34,36.59,Historical,0.1,None yet,"Eradicate Malaria, End World Hunger, Universal Education, Clean Water For All, Universal Healthcare, Stop Climate Change",0,55540,5.24
Steve Ballmer,United States,Technology,2019,40.0,38.3,41.73,Historical,0.1,None yet,"Eradicate Malaria, End World Hunger, Universal Education, Clean Water For All, Universal Healthcare, Stop Climate Change",0,55540,6.0
Steve Ballmer,United States,Technology,2020,45.09,43.43,46.73,Historical,0.1,None yet,"Eradicate Malaria, End World Hunger, Universal Education, Clean Water For All, Universal Healthcare, Stop Climate Change",0,55540,6.76
Steve Ballmer,United States,Technology,2021,55.0,53.34,56.72,Historical,0.1,None yet,"Eradicate Malaria, End World Hunger, Universal Education, Clean Water For All, Universal Healthcare, Stop Climate Change",0,55540,8.25
Steve Ballmer,United States,Technology,2022,65.0,63.23,66.95,Historical,0.1,None yet,"Eradicate Malaria, End World Hunger, Universal Education, Clean Water For All, Universal Healthcare, Stop Climate Change",0,55540,9.75
Steve Ballmer,United States,Technology,2023,78.6,77.01,80.22,Historical,0.1,None yet,"Eradicate Malaria, End World Hunger, Universal Education, Clean Water For All, Universal Healthcare, Stop Climate Change",0,55540,11.79
Steve Ballmer,United States,Technology,2024,102.98,101.36,104.6,Historical,0.2,Eradicate Malaria,"End World Hunger, Universal Education, Clean Water For All, Universal Healthcare, Stop Climate Change",1,55540,15.45
Steve Ballmer,United States,Technology,2025,127.42,125.76,129.06,Historical,0.2,Eradicate Malaria,"End World Hunger, Universal Education, Clean Water For All, Universal Healthcare, Stop Climate Change",1,55540,19.11
Steve Ballmer,United States,Technology,2025,151.73,148.77,154.6,Historical,0.3,Eradicate Malaria,"End World Hunger, Universal Education, Clean Water For All, Universal Healthcare, Stop Climate Change",1,55540,22.76
Steve Ballmer,United States,Technology,2026,176.11,168.11,184.56,Future Forecast,0.3,Eradicate Malaria,"End World Hunger, Universal Education, Clean Water For All, Universal Healthcare, Stop Climate Change",1,55540,26.42
Steve Ballmer,United States,Technology,2027,200.49,185.67,216.49,Future Forecast,0.4,"Eradicate Malaria, End World Hunger","Universal Education, Clean Water For All, Universal Healthcare, Stop Climate Change",2,55540,30.07
Steve Ballmer,United States,Technology,2028,224.94,201.98,251.09,Future Forecast,0.4,"Eradicate Malaria, End World Hunger","Universal Education, Clean Water For All, Universal Healthcare, Stop Climate Change",2,55540,33.74
Carlos Slim Helu & family,Mexico,Telecom,2018,54.88,52.1,57.86,Historical,0.1,None yet,"Eradicate Malaria, End World Hunger, Universal Education, Clean Water For All, Universal Healthcare, Stop Climate Change",0,55540,8.23
Carlos Slim Helu & family,Mexico,Telecom,2019,57.67,55.01,60.38,Historical,0.1,None yet,"Eradicate Malaria, End World Hunger, Universal Education, Clean Water For All, Universal Healthcare, Stop Climate Change",0,55540,8.65
Carlos Slim Helu & family,Mexico,Telecom,2020,60.45,57.56,63.38,Historical,0.1,None yet,"Eradicate Malaria, End World Hunger, Universal Education, Clean Water For All, Universal Healthcare, Stop Climate Change",0,55540,9.07
Carlos Slim Helu & family,Mexico,Telecom,2021,65.0,62.2,67.83,Historical,0.1,None yet,"Eradicate Malaria, End World Hunger, Universal Education, Clean Water For All, Universal Healthcare, Stop Climate Change",0,55540,9.75
Carlos Slim Helu & family,Mexico,Telecom,2022,70.0,67.25,72.89,Historical,0.1,None yet,"Eradicate Malaria, End World Hunger, Universal Education, Clean Water For All, Universal Healthcare, Stop Climate Change",0,55540,10.5
Carlos Slim Helu & family,Mexico,Telecom,2023,77.79,74.95,80.65,Historical,0.1,None yet,"Eradicate Malaria, End World Hunger, Universal Education, Clean Water For All, Universal Healthcare, Stop Climate Change",0,55540,11.67
Carlos Slim Helu & family,Mexico,Telecom,2024,94.98,92.22,98.04,Historical,0.2,None yet,"Eradicate Malaria, End World Hunger, Universal Education, Clean Water For All, Universal Healthcare, Stop Climate Change",0,55540,14.25
Carlos Slim Helu & family,Mexico,Telecom,2025,112.22,109.44,115.24,Historical,0.2,Eradicate Malaria,"End World Hunger, Universal Education, Clean Water For All, Universal Healthcare, Stop Climate Change",1,55540,16.83
Carlos Slim Helu & family,Mexico,Telecom,2025,129.37,125.82,132.46,Historical,0.2,Eradicate Malaria,"End World Hunger, Universal Education, Clean Water For All, Universal Healthcare, Stop Climate Change",1,55540,19.41
Carlos Slim Helu & family,Mexico,Telecom,2026,146.56,140.23,153.07,Future Forecast,0.3,Eradicate Malaria,"End World Hunger, Universal Education, Clean Water For All, Universal Healthcare, Stop Climate Change",1,55540,21.98
Carlos Slim Helu & family,Mexico,Telecom,2027,163.76,151.7,175.36,Future Forecast,0.3,Eradicate Malaria,"End World Hunger, Universal Education, Clean Water For All, Universal Healthcare, Stop Climate Change",1,55540,24.56
Carlos Slim Helu & family,Mexico,Telecom,2028,181.0,163.47,199.4,Future Forecast,0.3,Eradicate Malaria,"End World Hunger, Universal Education, Clean Water For All, Universal Healthcare, Stop Climate Change",1,55540,27.15
Changpeng Zhao,Canada,Crypto,2018,0.0,0.0,5.31,Historical,0.0,None yet,"Eradicate Malaria, End World Hunger, Universal Education, Clean Water For All, Universal Healthcare, Stop Climate Change",0,55540,0.0
Changpeng Zhao,Canada,Crypto,2019,0.44,0.0,7.84,Historical,0.0,None yet,"Eradicate Malaria, End World Hunger, Universal Education, Clean Water For All, Universal Healthcare, Stop Climate Change",0,55540,0.07
Changpeng Zhao,Canada,Crypto,2020,3.48,0.0,11.53,Historical,0.0,None yet,"Eradicate Malaria, End World Hunger, Universal Education, Clean Water For All, Universal Healthcare, Stop Climate Change",0,55540,0.52
Changpeng Zhao,Canada,Crypto,2021,9.39,2.12,16.82,Historical,0.0,None yet,"Eradicate Malaria, End World Hunger, Universal Education, Clean Water For All, Universal Healthcare, Stop Climate Change",0,55540,1.41
Changpeng Zhao,Canada,Crypto,2022,15.31,7.21,23.16,Historical,0.0,None yet,"Eradicate Malaria, End World Hunger, Universal Education, Clean Water For All, Universal Healthcare, Stop Climate Change",0,55540,2.3
Changpeng Zhao,Canada,Crypto,2023,25.56,17.52,33.69,Historical,0.0,None yet,"Eradicate Malaria, End World Hunger, Universal Education, Clean Water For All, Universal Healthcare, Stop Climate Change",0,55540,3.83
Changpeng Zhao,Canada,Crypto,2024,63.62,55.19,71.82,Historical,0.1,None yet,"Eradicate Malaria, End World Hunger, Universal Education, Clean Water For All, Universal Healthcare, Stop Climate Change",0,55540,9.54
Changpeng Zhao,Canada,Crypto,2025,101.79,94.43,109.56,Historical,0.2,Eradicate Malaria,"End World Hunger, Universal Education, Clean Water For All, Universal Healthcare, Stop Climate Change",1,55540,15.27
Changpeng Zhao,Canada,Crypto,2025,139.76,130.04,149.26,Historical,0.3,Eradicate Malaria,"End World Hunger, Universal Education, Clean Water For All, Universal Healthcare, Stop Climate Change",1,55540,20.96
Changpeng Zhao,Canada,Crypto,2026,177.82,161.71,195.26,Future Forecast,0.3,Eradicate Malaria,"End World Hunger, Universal Education, Clean Water For All, Universal Healthcare, Stop Climate Change",1,55540,26.67
Changpeng Zhao,Canada,Crypto,2027,215.89,187.53,246.06,Future Forecast,0.4,"Eradicate Malaria, End World Hunger","Universal Education, Clean Water For All, Universal Healthcare, Stop Climate Change",2,55540,32.38
Changpeng Zhao,Canada,Crypto,2028,254.06,211.25,301.46,Future Forecast,0.5,"Eradicate Malaria, End World Hunger","Universal Education, Clean Water For All, Universal Healthcare, Stop Climate Change",2,55540,38.11
Michael Bloomberg,United States,Finance,2018,44.68,41.18,48.07,Historical,0.1,None yet,"Eradicate Malaria, End World Hunger, Universal Education, Clean Water For All, Universal Healthcare, Stop Climate Change",0,55540,6.7
Michael Bloomberg,United States,Finance,2019,47.67,44.13,51.18,Historical,0.1,None yet,"Eradicate Malaria, End World Hunger, Universal Education, Clean Water For All, Universal Healthcare, Stop Climate Change",0,55540,7.15
Michael Bloomberg,United States,Finance,2020,50.65,47.15,53.73,Historical,0.1,None yet,"Eradicate Malaria, End World Hunger, Universal Education, Clean Water For All, Universal Healthcare, Stop Climate Change",0,55540,7.6
Michael Bloomberg,United States,Finance,2021,55.0,51.41,58.33,Historical,0.1,None yet,"Eradicate Malaria, End World Hunger, Universal Education, Clean Water For All, Universal Healthcare, Stop Climate Change",0,55540,8.25
Michael Bloomberg,United States,Finance,2022,60.0,56.46,63.54,Historical,0.1,None yet,"Eradicate Malaria, End World Hunger, Universal Education, Clean Water For All, Universal Healthcare, Stop Climate Change",0,55540,9.0
Michael Bloomberg,United States,Finance,2023,67.33,63.68,70.86,Historical,0.1,None yet,"Eradicate Malaria, End World Hunger, Universal Education, Clean Water For All, Universal Healthcare, Stop Climate Change",0,55540,10.1
Michael Bloomberg,United States,Finance,2024,86.32,82.76,89.93,Historical,0.2,None yet,"Eradicate Malaria, End World Hunger, Universal Education, Clean Water For All, Universal Healthcare, Stop Climate Change",0,55540,12.95
Michael Bloomberg,United States,Finance,2025,105.36,101.94,108.88,Historical,0.2,Eradicate Malaria,"End World Hunger, Universal Education, Clean Water For All, Universal Healthcare, Stop Climate Change",1,55540,15.8
Michael Bloomberg,United States,Finance,2025,124.29,120.3,128.46,Historical,0.2,Eradicate Malaria,"End World Hunger, Universal Education, Clean Water For All, Universal Healthcare, Stop Climate Change",1,55540,18.64
Michael Bloomberg,United States,Finance,2026,143.28,135.34,150.39,Future Forecast,0.3,Eradicate Malaria,"End World Hunger, Universal Education, Clean Water For All, Universal Healthcare, Stop Climate Change",1,55540,21.49
Michael Bloomberg,United States,Finance,2027,162.27,148.14,175.25,Future Forecast,0.3,Eradicate Malaria,"End World Hunger, Universal Education, Clean Water For All, Universal Healthcare, Stop Climate Change",1,55540,24.34
Michael Bloomberg,United States,Finance,2028,181.32,160.68,201.8,Future Forecast,0.3,Eradicate Malaria,"End World Hunger, Universal Education, Clean Water For All, Universal Healthcare, Stop Climate Change",1,55540,27.2
Bill Gates,United States,Technology,2018,90.0,90.0,90.0,Historical,0.2,None yet,"Eradicate Malaria, End World Hunger, Universal Education, Clean Water For All, Universal Healthcare, Stop Climate Change",0,55540,13.5
Bill Gates,United States,Technology,2019,95.0,95.0,95.0,Historical,0.2,None yet,"Eradicate Malaria, End World Hunger, Universal Education, Clean Water For All, Universal Healthcare, Stop Climate Change",0,55540,14.25
Bill Gates,United States,Technology,2020,98.0,98.0,98.0,Historical,0.2,None yet,"Eradicate Malaria, End World Hunger, Universal Education, Clean Water For All, Universal Healthcare, Stop Climate Change",0,55540,14.7
Bill Gates,United States,Technology,2021,105.0,105.0,105.0,Historical,0.2,Eradicate Malaria,"End World Hunger, Universal Education, Clean Water For All, Universal Healthcare, Stop Climate Change",1,55540,15.75
Bill Gates,United States,Technology,2022,100.0,100.0,100.0,Historical,0.2,Eradicate Malaria,"End World Hunger, Universal Education, Clean Water For All, Universal Healthcare, Stop Climate Change",1,55540,15.0
Bill Gates,United States,Technology,2023,103.0,103.0,103.0,Historical,0.2,Eradicate Malaria,"End World Hunger, Universal Education, Clean Water For All, Universal Healthcare, Stop Climate Change",1,55540,15.45
Bill Gates,United States,Technology,2024,104.0,104.0,104.0,Historical,0.2,Eradicate Malaria,"End World Hunger, Universal Education, Clean Water For All, Universal Healthcare, Stop Climate Change",1,55540,15.6
Bill Gates,United States,Technology,2025,105.0,105.0,105.0,Historical,0.2,Eradicate Malaria,"End World Hunger, Universal Education, Clean Water For All, Universal Healthcare, Stop Climate Change",1,55540,15.75
Bill Gates,United States,Technology,2025,106.0,103.08,109.75,Historical,0.2,Eradicate Malaria,"End World Hunger, Universal Education, Clean Water For All, Universal Healthcare, Stop Climate Change",1,55540,15.9
Bill Gates,United States,Technology,2026,106.99,96.91,119.29,Future Forecast,0.2,Eradicate Malaria,"End World Hunger, Universal Education, Clean Water For All, Universal Healthcare, Stop Climate Change",1,55540,16.05
Bill Gates,United States,Technology,2027,107.99,88.29,131.59,Future Forecast,0.2,Eradicate Malaria,"End World Hunger, Universal Education, Clean Water For All, Universal Healthcare, Stop Climate Change",1,55540,16.2
Bill Gates,United States,Technology,2028,108.99,78.29,146.97,Future Forecast,0.2,Eradicate Malaria,"End World Hunger, Universal Education, Clean Water For All, Universal Healthcare, Stop Climate Change",1,55540,16.35
Mukesh Ambani,India,Energy,2018,39.87,38.49,41.34,Historical,0.1,None yet,"Eradicate Malaria, End World Hunger, Universal Education, Clean Water For All, Universal Healthcare, Stop Climate Change",0,55540,5.98
Mukesh Ambani,India,Energy,2019,45.06,43.57,46.59,Historical,0.1,None yet,"Eradicate Malaria, End World Hunger, Universal Education, Clean Water For All, Universal Healthcare, Stop Climate Change",0,55540,6.76
Mukesh Ambani,India,Energy,2020,50.26,48.78,51.79,Historical,0.1,None yet,"Eradicate Malaria, End World Hunger, Universal Education, Clean Water For All, Universal Healthcare, Stop Climate Change",0,55540,7.54
Mukesh Ambani,India,Energy,2021,60.0,58.58,61.54,Historical,0.1,None yet,"Eradicate Malaria, End World Hunger, Universal Education, Clean Water For All, Universal Healthcare, Stop Climate Change",0,55540,9.0
Mukesh Ambani,India,Energy,2022,69.71,68.13,71.19,Historical,0.1,None yet,"Eradicate Malaria, End World Hunger, Universal Education, Clean Water For All, Universal Healthcare, Stop Climate Change",0,55540,10.46
Mukesh Ambani,India,Energy,2023,78.7,77.22,80.21,Historical,0.1,None yet,"Eradicate Malaria, End World Hunger, Universal Education, Clean Water For All, Universal Healthcare, Stop Climate Change",0,55540,11.8
Mukesh Ambani,India,Energy,2024,87.69,86.2,89.31,Historical,0.2,None yet,"Eradicate Malaria, End World Hunger, Universal Education, Clean Water For All, Universal Healthcare, Stop Climate Change",0,55540,13.15
Mukesh Ambani,India,Energy,2025,96.7,95.16,98.15,Historical,0.2,None yet,"Eradicate Malaria, End World Hunger, Universal Education, Clean Water For All, Universal Healthcare, Stop Climate Change",0,55540,14.5
Mukesh Ambani,India,Energy,2025,105.67,104.07,107.39,Historical,0.2,Eradicate Malaria,"End World Hunger, Universal Education, Clean Water For All, Universal Healthcare, Stop Climate Change",1,55540,15.85
Mukesh Ambani,India,Energy,2026,114.66,111.87,117.64,Future Forecast,0.2,Eradicate Malaria,"End World Hunger, Universal Education, Clean Water For All, Universal Healthcare, Stop Climate Change",1,55540,17.2
Mukesh Ambani,India,Energy,2027,123.64,119.03,128.62,Future Forecast,0.2,Eradicate Malaria,"End World Hunger, Universal Education, Clean Water For All, Universal Healthcare, Stop Climate Change",1,55540,18.55
Mukesh Ambani,India,Energy,2028,132.66,125.7,140.11,Future Forecast,0.2,Eradicate Malaria,"End World Hunger, Universal Education, Clean Water For All, Universal Healthcare, Stop Climate Change",1,55540,19.9
